{"cameraMode":{"drawMode":0,"name":"Shaded","section":"Shading Mode"},"sceneLighting":true,"audioPlay":false,"sceneViewState":{"showFog":true,"showMaterialUpdate":false,"showSkybox":true,"showFlares":true,"showImageEffects":true,"showParticleSystems":true,"showVisualEffectGraphs":true,"m_FxEnabled":true},"in2DMode":false,"pivot":{"x":195.2884979248047,"y":106.79998016357422,"z":1.1377220153808594},"rotation":{"x":0.07723789662122727,"y":-0.013292043469846249,"z":0.0011562580475583673,"w":0.9971261620521545},"size":280.70013427734377,"orthographic":false}