{"cameraMode":{"drawMode":0,"name":"Shaded","section":"Shading Mode"},"sceneLighting":true,"audioPlay":false,"sceneViewState":{"showFog":true,"showMaterialUpdate":true,"showSkybox":true,"showFlares":true,"showImageEffects":true,"showParticleSystems":true},"in2DMode":false,"pivot":{"x":946.425537109375,"y":703.88671875,"z":113.9372787475586},"rotation":{"x":-0.13035275042057038,"y":0.03568985313177109,"z":-0.004693528637290001,"w":-0.9908140301704407},"size":1736.778076171875,"orthographic":false}