{"cameraMode":{"drawMode":0,"name":"Shaded","section":"Shading Mode"},"sceneLighting":true,"audioPlay":false,"sceneViewState":{"showFog":true,"showMaterialUpdate":false,"showSkybox":true,"showFlares":true,"showImageEffects":true,"showParticleSystems":true},"in2DMode":false,"pivot":{"x":24.62588882446289,"y":-4.0066938400268559,"z":4.796379566192627},"rotation":{"x":0.08347116410732269,"y":0.4517769515514374,"z":-0.04250982403755188,"w":0.8871996402740479},"size":67.99791717529297,"orthographic":false}