{"cameraMode":{"drawMode":0,"name":"Shaded","section":"Shading Mode"},"sceneLighting":true,"audioPlay":false,"sceneViewState":{"showFog":true,"showMaterialUpdate":false,"showSkybox":true,"showFlares":true,"showImageEffects":true,"showParticleSystems":true},"in2DMode":false,"pivot":{"x":4.686482906341553,"y":-4.446895122528076,"z":7.238097190856934},"rotation":{"x":0.13092847168445588,"y":0.2770974636077881,"z":-0.03818146511912346,"w":0.9511135220527649},"size":22.135908126831056,"orthographic":false}