{"cameraMode":{"drawMode":0,"name":"Shaded","section":"Shading Mode"},"sceneLighting":true,"audioPlay":false,"sceneViewState":{"showFog":true,"showMaterialUpdate":false,"showSkybox":true,"showFlares":true,"showImageEffects":true,"showParticleSystems":true},"in2DMode":false,"pivot":{"x":426.2862548828125,"y":41.70500183105469,"z":0.0},"rotation":{"x":0.2593095004558563,"y":0.004701564554125071,"z":-0.0012435757089406252,"w":0.9657820463180542},"size":115.57646942138672,"orthographic":false}